"","totalcost","units","goal.sd","weight","stamp","chisel","detail","rush","labor","cost","lost","manager","room.temp","music","shift","mach.hrs","plant","breakdown","rework"
"1","26704.3","423","0.1","4.48","4","7","No","Yes","1.47","4.71","0.8317","Alan","74.71","None","2","1.277","Old","1","0.114"
"2","26701.66","554","1","4.35","2","3","Yes","No","1.26","4.82","0.4951","Devon","75.37","Pop","1","1.317","New","0","0"
"3","34219.39","607","0.5","5","2","4","No","No","1.2","5.32","0.5584","Beatrice","75.29","None","1","1.071","Old","0","0.101"
"4","20523.62","347","1","5.39","2","4","No","No","1.46","5.44","0.4562","Ebrahim","75.27","Soul","1","1.375","New","0","0"
"5","26873.72","510","1","4.8","2","4","No","No","1.23","4.98","0.5018","Ebrahim","75.31","Soul","1","1.455","New","0","0"
"6","21581.87","419","0.5","3.99","2","4","No","No","1.21","4.6","0.41","Ebrahim","75.38","Soul","1","1.065","New","0","0"
"7","27388.27","567","1","4.44","1","2","No","Yes","1.15","4.72","0.2537","Carl","74.39","Rock","2","1.132","New","0","0"
"8","39503.92","637","1","4.36","5","7","No","No","1.75","5.29","0.8526","Beatrice","79.12","None","1","1.336","Old","0","0.033"
"9","32817.63","423","1","4.89","6","7","No","Yes","1.87","5.49","0.9024","Beatrice","71.4","None","1","1.327","Old","0","0.126"
"10","20451.68","372","0.5","3.54","3","6","Yes","No","1.34","5.07","0.6264","Carl","75.04","Rock","2","0.976","New","0","0"
"11","27953.11","490","0.5","5.86","2","4","No","No","1.15","5.24","0.5437","Beatrice","70.16","None","1","1.131","Old","0","0.001"
"12","31980.27","567","0.1","4.26","4","6","Yes","No","1.3","4.65","0.6918","Ebrahim","74.88","Soul","1","1.204","New","0","0"
"13","27882.75","482","0.1","5.24","3","5","No","No","1.41","4.98","0.6543","Beatrice","74.58","None","1","1.189","Old","0","0.2"
"14","23976.3","488","0.1","4.39","1","4","No","No","1.03","4.74","0.4291","Beatrice","72.41","None","1","1.002","Old","0","0.054"
"15","22098.4","344","1","3.51","3","7","No","No","1.56","5.69","0.7367","Alan","75.74","None","2","1.357","Old","2","0.197"
"16","15857.27","246","0.5","4.16","5","7","No","No","1.33","4.96","0.8399","Carl","75.12","Rock","2","1.322","New","0","0"
"17","15729.7","386","0.1","4.96","0","0","No","No","0.93","5.52","0.21","Devon","74.77","Pop","1","1.172","New","0","0"
"18","25007.52","502","1","5.26","2","3","No","No","1.36","4.49","0.5455","Ebrahim","74.97","Soul","1","1.35","New","0","0"
"19","3362.97","499","1","4.65","5","6","No","No","1.52","5","0.6669","Beatrice","74.52","None","1","1.474","Old","1","0.13"
"20","20632.51","429","0.5","4.36","3","5","No","Yes","1.31","4.67","0.6302","Carl","74.66","Rock","2","1.408","New","0","0"
"21","6747.78","96","1","4.88","5","6","No","No","1.65","4.87","0.8318","Devon","74.73","Pop","1","1.347","New","0","0"
"22","31560.86","515","1","5.42","3","6","No","No","1.25","5.63","0.5608","Ebrahim","74.71","Soul","1","1.14","New","0","0"
"23","18372.51","332","0.1","5.09","4","5","No","No","1.37","4.84","0.5833","Alan","76.77","None","2","1.019","Old","0","0.139"
"24","40759.02","690","1","4.62","5","8","No","No","1.59","4.53","0.9048","Ebrahim","74.64","Soul","1","1.364","New","0","0"
"25","27231.22","460","1","4.77","2","3","No","No","1.36","5.4","0.506","Carl","74.88","Rock","2","1.229","New","0","0"
"26","29719.26","634","0.5","4.54","1","3","No","Yes","1.17","4.89","0.3654","Beatrice","81.15","None","1","0.984","Old","0","0.001"
"27","21227.89","310","1","4.72","5","8","No","Yes","1.47","6.04","0.8117","Devon","75.13","Pop","1","1.077","New","0","0"
"28","28951.07","541","1","4.39","4","6","No","No","1.55","5.1","0.7878","Devon","74.76","Pop","1","1.286","New","0","0"
"29","32497.84","716","1","4","1","3","No","No","1.15","5.09","0.364","Alan","72.53","None","2","1.084","Old","0","0.136"
"30","21330.39","358","0.5","4.43","6","8","No","No","1.67","4.67","0.8265","Devon","74.87","Pop","1","0.992","New","0","0"
"31","39320.94","550","1","4.98","4","7","No","No","1.44","5.69","0.7806","Ebrahim","75.01","Soul","1","1.604","New","0","0"
"32","23862.72","470","1","5.33","2","3","No","No","1.36","5.06","0.4206","Carl","75.14","Rock","2","1.466","New","0","0"
"33","32727.56","532","0.1","4.08","4","7","No","No","1.33","5.3","0.7336","Alan","71.96","None","2","1.123","Old","2","0.133"
"34","27375.18","529","1","4.52","2","4","No","No","1.3","4.95","0.4656","Alan","71.2","None","2","1.24","Old","1","0.028"
"35","24607.8","443","0.5","4.66","3","5","No","No","1.35","5.01","0.5492","Carl","74.55","Rock","2","1.14","New","0","0"
"36","27615.28","399","0.1","4.97","5","7","No","No","1.52","5.21","0.701","Ebrahim","75.1","Soul","1","1.673","New","0","0"
"37","25363.89","635","0.1","3.24","3","6","Yes","No","1.3","4.54","0.6389","Devon","74.78","Pop","1","1.418","New","0","0"
"38","21060.11","408","1","3.86","2","5","No","No","1.2","4.52","0.4797","Devon","74.96","Pop","1","1.347","New","0","0"
"39","40642.93","625","1","3.8","6","8","No","Yes","1.66","4.83","0.9871","Ebrahim","75.2","Soul","1","1.023","New","0","0"
"40","24916.28","379","1","4.9","3","5","No","No","1.56","5.5","0.6478","Carl","75.39","Rock","2","1.217","New","0","0"
"41","32228.64","528","1","4.63","3","7","No","Yes","1.37","4.9","0.7141","Carl","75.05","Rock","2","1.372","New","0","0"
"42","18918.25","288","0.5","3.15","4","7","Yes","No","1.58","5.22","0.695","Ebrahim","74.84","Soul","1","1.513","New","0","0"
"43","25129.33","440","0.5","3.46","4","8","No","No","1.4","4.72","0.7668","Alan","73.01","None","2","1.112","Old","1","0.122"
"44","20010.79","448","1","3.61","4","6","No","No","1.51","4.78","0.6959","Beatrice","78.04","None","1","1.316","Old","1","0.14"
"45","31576.13","538","0.1","3.88","2","5","No","No","1.27","4.74","0.525","Carl","75.39","Rock","2","1.035","New","0","0"
"46","18131.4","342","0.5","4.12","2","5","No","No","1.11","5.4","0.5994","Devon","75.3","Pop","1","1.589","New","0","0"
"47","19188.51","346","1","3.64","2","3","Yes","No","1.3","5.55","0.4641","Alan","73.22","None","2","1.414","Old","0","0.122"
"48","32855.67","493","1","5.55","3","5","No","No","1.44","5.19","0.5092","Ebrahim","75.1","Soul","1","1.08","New","0","0"
"49","19111.4","328","0.5","4.31","3","7","No","No","1.26","4.74","0.749","Beatrice","77","None","1","1.307","Old","0","0.089"
"50","47012.27","756","0.1","5.04","3","6","Yes","No","1.37","5.65","0.6686","Beatrice","72.06","None","1","1.455","Old","2","0.134"
"51","24476.11","407","1","4.88","3","4","No","Yes","1.43","4.59","0.6139","Alan","71.77","None","2","1.269","Old","1","0.182"
"52","29366.39","517","1","4.28","2","4","No","No","1.4","5.3","0.4914","Alan","74.15","None","2","1.367","Old","0","0.125"
"53","14729","219","1","4.85","4","5","Yes","No","1.41","5.49","0.6021","Devon","74.91","Pop","1","1.24","New","0","0"
"54","22025.87","380","0.5","4.41","3","6","No","Yes","1.32","4.7","0.7143","Ebrahim","75.15","Soul","1","1.221","New","0","0"
"55","23901.55","446","1","4.11","4","5","No","Yes","1.53","4.57","0.5814","Ebrahim","74.74","Soul","1","1.002","New","0","0"
"56","38670.73","587","0.5","4.69","6","9","No","No","1.59","4.85","0.9214","Ebrahim","74.78","Soul","1","1.28","New","0","0"
"57","31605.56","425","1","4.83","7","8","No","No","1.9","4.78","1.0096","Ebrahim","74.97","Soul","1","1.168","New","0","0"
"58","17782.33","278","0.5","4.62","6","9","No","Yes","1.62","4.54","0.8793","Alan","72.54","None","2","1.018","Old","0","0.133"
"59","18397.78","374","0.5","3.43","5","6","No","No","1.72","4.61","0.6576","Ebrahim","75.06","Soul","1","1.169","New","0","0"
"60","43054.38","683","1","4.78","3","5","Yes","No","1.51","5.08","0.5665","Ebrahim","75.38","Soul","1","0.816","New","0","0"
"61","13902.97","206","0.5","5.54","4","7","No","No","1.41","5.05","0.6557","Devon","75.37","Pop","1","1.431","New","0","0"
"62","25276.22","391","0.1","3.51","4","7","No","No","1.5","5.01","0.7649","Alan","77.79","None","2","1.113","Old","0","0.195"
"63","38300.72","549","0.5","3.88","6","10","No","No","1.7","5.2","0.9333","Ebrahim","75.46","Soul","1","1.53","New","0","0"
"64","21985.78","375","0.5","4.58","4","5","No","No","1.4","5.57","0.5694","Ebrahim","75.48","Soul","1","0.963","New","0","0"
"65","23039.32","406","0.5","3.79","4","7","No","No","1.27","4.83","0.6767","Ebrahim","74.64","Soul","1","1.392","New","0","0"
"66","36485.95","600","1","4.06","5","6","No","Yes","1.64","4.59","0.7894","Beatrice","78.45","None","1","1.001","Old","0","0.002"
"67","28265.97","697","1","4.74","1","2","No","No","1.15","4.39","0.3738","Beatrice","73.71","None","1","0.978","Old","2","0.124"
"68","31293.96","647","1","5.02","3","4","Yes","No","1.38","4.89","0.6078","Carl","75.42","Rock","2","1.316","New","0","0"
"69","28868.88","530","0.5","5.13","1","4","No","No","1.09","4.65","0.413","Beatrice","76.31","None","1","1.064","Old","0","0.095"
"70","33783.11","726","0.5","5.45","5","6","No","Yes","1.51","3.94","0.6988","Devon","75.03","Pop","1","1.438","New","0","0"
"71","18652.65","323","0.5","4.93","2","5","Yes","No","1.19","4.92","0.5798","Carl","74.8","Rock","2","1.366","New","0","0"
"72","10303.55","155","0.1","4.88","3","5","No","No","1.31","5.35","0.6812","Beatrice","69.56","None","1","1.358","Old","1","0.097"
"73","31161.88","580","0.5","3.77","3","5","Yes","No","1.38","4.93","0.5924","Devon","75.08","Pop","1","1.25","New","0","0"
"74","16718.79","266","1","4.27","3","5","Yes","No","1.26","5.64","0.5598","Alan","76.34","None","2","1.25","Old","0","0.051"
"75","28185.46","632","1","4.54","0","2","No","No","1.09","5.1","0.2954","Devon","75.18","Pop","1","1.418","New","0","0"
"76","28176.53","512","1","3.91","3","5","Yes","No","1.42","5.49","0.6579","Carl","75","Rock","2","1.29","New","0","0"
"77","20671.85","431","1","4.75","1","2","Yes","No","1.09","3.98","0.4001","Ebrahim","75.07","Soul","1","0.927","New","0","0"
"78","23984.5","435","1","5.04","2","4","No","No","1.27","5.5","0.441","Alan","74.65","None","2","1.139","Old","1","0.181"
"79","29762.62","526","0.5","3.99","2","3","No","No","1.17","5.33","0.4805","Beatrice","67.79","None","1","1.577","Old","2","0.127"
"80","34616.84","510","1","3.95","4","6","Yes","No","1.7","4.67","0.6781","Ebrahim","75.29","Soul","1","1.01","New","0","0"
"81","23572.25","416","1","4.88","3","5","No","No","1.46","5.25","0.5656","Carl","75.28","Rock","2","1.348","New","0","0"
"82","20186.69","341","0.5","3.56","5","7","No","No","1.58","5.13","0.8962","Devon","75.47","Pop","1","0.95","New","0","0"
"83","10294.98","194","0.1","4.1","2","5","No","No","1.27","4.63","0.4723","Carl","74.98","Rock","2","0.94","New","0","0"
"84","38884.56","546","1","3.63","4","6","No","Yes","1.68","5.77","0.6616","Alan","76.87","None","2","1.294","Old","0","0.114"
"85","23132.24","368","1","5.57","3","3","No","No","1.35","5.06","0.5609","Beatrice","74.62","None","1","1.394","Old","1","0.086"
"86","32831.02","490","0.5","4.81","3","6","No","No","1.5","5.53","0.6911","Carl","75.08","Rock","2","1.123","New","0","0"
"87","34552.21","656","1","3.99","2","4","No","No","1.51","4.98","0.5658","Carl","75.17","Rock","2","1.096","New","0","0"
"88","29256.78","480","1","4.34","3","5","Yes","No","1.54","5.14","0.5236","Carl","75.33","Rock","2","1.58","New","0","0"
"89","28212.64","521","0.5","4.92","2","3","No","Yes","1.01","5.37","0.528","Alan","73.39","None","2","0.923","Old","0","0.172"
"90","39230.44","534","1","6.18","5","7","No","No","1.57","5.23","0.8199","Ebrahim","74.52","Soul","1","1.266","New","0","0"
"91","38538.34","545","0.5","6.08","5","5","No","No","1.49","5.78","0.7432","Carl","74.95","Rock","2","1.221","New","0","0"
"92","33005.46","499","1","3.9","6","9","No","No","1.81","4.6","0.958","Beatrice","67.65","None","1","1.379","Old","0","0.124"
"93","8656.97","167","1","3.58","2","5","No","No","1.25","5.07","0.5421","Carl","75.16","Rock","2","1.373","New","0","0"
"94","8227.41","136","0.1","4.75","2","3","No","No","1.25","5.26","0.537","Beatrice","74.24","None","1","1.244","Old","0","0.171"
"95","12483.67","190","0.1","4.84","4","7","Yes","No","1.39","4.84","0.6738","Alan","71.31","None","2","1.382","Old","1","0.134"
"96","19403.82","299","0.1","5.65","4","4","No","Yes","1.4","4.73","0.6325","Alan","77.44","None","2","0.964","Old","0","0.175"
"97","14959.81","401","0.5","2.96","1","4","No","No","1.21","4.98","0.5065","Carl","74.42","Rock","2","1.324","New","0","0"
"98","23964.91","474","1","3.88","1","4","No","No","1.21","5.02","0.4711","Beatrice","78.6","None","1","1.163","Old","1","0.113"
"99","18634.56","506","1","3.06","1","4","No","No","1.21","4.69","0.4493","Carl","74.81","Rock","2","1.16","New","0","0"
"100","16716.62","246","1","5.36","5","7","No","No","1.5","4.87","0.8378","Devon","74.89","Pop","1","1.322","New","0","0"
"101","28685.39","522","0.5","5.35","2","4","Yes","No","1.16","4.83","0.4534","Carl","74.81","Rock","2","1.719","New","0","0"
"102","34381.64","505","0.5","5.9","3","3","No","Yes","1.49","5.09","0.5681","Beatrice","76.71","None","1","1.309","Old","1","0.143"
"103","25547.17","381","1","5.41","3","7","No","No","1.49","5.38","0.6388","Ebrahim","75.05","Soul","1","1.122","New","0","0"
"104","27599.14","422","0.1","6.1","3","4","No","Yes","1.34","4.63","0.5732","Beatrice","84.22","None","1","1.351","Old","0","0.02"
"105","25192.08","486","0.5","3.3","3","7","No","No","1.37","4.88","0.7817","Ebrahim","74.77","Soul","1","1.399","New","0","0"
"106","21387.9","310","0.5","4.65","5","6","No","No","1.49","5.1","0.6863","Alan","77.76","None","2","1.681","Old","2","0.15"
"107","15633.26","364","0.5","3.43","1","3","No","No","0.99","5.56","0.4094","Carl","75.24","Rock","2","0.915","New","0","0"
"108","35125.11","624","0.1","3.98","5","6","No","No","1.41","5.4","0.6514","Alan","72.16","None","2","1.271","Old","1","0.135"
"109","24482.23","387","1","4.96","2","3","No","No","1.31","6.42","0.4353","Devon","75.41","Pop","1","1.361","New","0","0"
"110","19189.4","422","1","2.88","3","6","No","No","1.38","5.11","0.5561","Ebrahim","74.87","Soul","1","0.971","New","0","0"
"111","15460.79","327","0.5","3.64","1","3","No","No","1.33","4.94","0.3407","Beatrice","72.12","None","1","1.198","Old","0","0.019"
"112","27307.1","521","1","5.02","1","3","No","No","1.32","4.61","0.377","Alan","74.52","None","2","1.29","Old","1","0.143"
"113","12755.8","309","1","3.86","1","2","No","No","1.28","4.79","0.3507","Devon","75.19","Pop","1","1.203","New","0","0"
"114","21174.8","315","1","4.67","5","7","No","No","1.7","5.15","0.7858","Beatrice","79.11","None","1","1.056","Old","2","0.198"
"115","22183.41","399","1","3.79","4","7","No","No","1.63","4.62","0.7429","Carl","75.36","Rock","2","1.217","New","0","0"
"116","22804.2","444","1","3.69","4","6","No","No","1.5","4.83","0.7915","Carl","75.13","Rock","2","1.447","New","0","0"
"117","23289.02","399","1","4.54","5","8","No","No","1.56","4.78","0.829","Ebrahim","75.13","Soul","1","0.541","New","0","0"
"118","20532.3","347","1","3.92","3","5","No","Yes","1.27","4.48","0.5919","Beatrice","75.66","None","1","1.502","Old","1","0.129"
"119","27347.38","472","1","4.69","3","3","Yes","No","1.36","5.08","0.5222","Alan","74.03","None","2","1.296","Old","0","0.115"
"120","24610.36","487","0.1","4.73","2","5","No","Yes","1.08","5.57","0.5592","Devon","74.96","Pop","1","1.093","New","0","0"
"121","26656.04","436","1","4.84","4","6","Yes","No","1.44","4.77","0.673","Beatrice","73.54","None","1","1.335","Old","0","0.032"
"122","43140.02","681","1","3.7","4","6","No","No","1.59","5.09","0.7898","Alan","69.23","None","2","1.35","Old","0","0.15"
"123","32482.55","404","0.5","4.67","10","12","No","Yes","2.15","4.62","1.3263","Beatrice","80.17","None","1","0.986","Old","0","0.164"
"124","33350.96","623","1","2.85","4","6","No","Yes","1.45","4.64","0.6932","Devon","75.17","Pop","1","1.381","New","0","0"
"125","25398.06","548","0.5","4.74","1","3","No","Yes","1.05","5.29","0.3859","Devon","75.1","Pop","1","1.406","New","0","0"
"126","36583.49","755","1","4.24","2","4","No","No","1.27","5.34","0.5181","Devon","74.85","Pop","1","1.159","New","0","0"
"127","25717.02","420","1","4.95","3","5","No","Yes","1.47","4.94","0.5707","Carl","74.96","Rock","2","1.349","New","0","0"
"128","38704.74","601","1","3.73","5","8","Yes","No","1.49","4.69","0.8097","Beatrice","76.53","None","1","1.68","Old","1","0.186"
"129","14880.9","318","1","3.59","0","2","No","No","1.25","6.08","0.325","Alan","75.03","None","2","1.325","Old","1","0.133"
"130","16991.04","353","0.1","4.68","2","4","Yes","No","1.42","4.07","0.4175","Beatrice","72.37","None","1","1.416","Old","1","0.115"
"131","24024.35","468","1","3.95","4","5","No","No","1.43","4.74","0.662","Devon","75.2","Pop","1","1.634","New","0","0"
"132","30258.67","473","0.5","3.76","6","9","Yes","No","1.58","5.2","0.8663","Carl","75.48","Rock","2","1.332","New","0","0"
"133","31896.59","514","1","4.19","3","4","No","No","1.54","6.13","0.5362","Devon","75.18","Pop","1","1.413","New","0","0"
"134","10203.95","159","0.5","5.11","3","4","No","Yes","1.23","4.6","0.5823","Beatrice","73.91","None","1","1.136","Old","1","0.094"
"135","20763.97","416","0.5","3.96","2","3","Yes","No","1.4","5.19","0.364","Alan","78.65","None","2","0.984","Old","1","0.031"
"136","24696.87","464","0.5","4.83","2","3","Yes","No","1.33","4.46","0.4263","Alan","75.73","None","2","1.076","Old","1","0.162"
"137","14415.44","269","0.1","4.39","2","5","Yes","No","1.1","4.81","0.4537","Carl","74.71","Rock","2","0.987","New","0","0"
"138","22112.58","465","1","4.37","0","1","No","No","1.2","4.88","0.2447","Alan","77.54","None","2","0.988","Old","0","0.191"
"139","26264.16","571","1","3.82","2","4","Yes","No","1.31","4.98","0.5143","Beatrice","83","None","1","0.969","Old","0","0.003"
"140","45268.27","736","1","5.11","1","4","No","No","1.31","5.4","0.4165","Beatrice","75.02","None","1","1.294","Old","2","0.076"
"141","22814.74","437","0.5","3.79","5","7","Yes","No","1.47","4.59","0.7708","Ebrahim","74.91","Soul","1","1.009","New","0","0"
"142","32832.51","605","0.1","3.95","2","4","No","No","1.35","5.01","0.5244","Ebrahim","74.76","Soul","1","1.645","New","0","0"
"143","26713.81","575","0.5","4.72","2","3","No","Yes","1.32","4.65","0.3796","Carl","75.05","Rock","2","1.296","New","0","0"
"144","33641.71","598","0.5","4.96","1","3","No","No","1.2","5.84","0.4824","Carl","74.66","Rock","2","0.817","New","0","0"
"145","32117.52","488","1","3.94","7","9","No","No","1.79","4.97","1.0198","Beatrice","78.91","None","1","1.176","Old","1","0.084"
"146","11453.24","165","1","4.5","5","7","No","Yes","1.69","4.94","0.7906","Beatrice","76.5","None","1","1.303","Old","0","0.178"
"147","28320.18","478","0.5","4.74","4","6","Yes","No","1.39","5.2","0.7372","Devon","74.9","Pop","1","1.469","New","0","0"
"148","48139.59","723","1","3.87","5","7","No","No","1.48","5.68","0.8644","Carl","75.29","Rock","2","1.031","New","0","0"
"149","5764.09","79","1","4.6","5","5","No","No","1.57","5.29","0.6054","Alan","72.94","None","2","1.423","Old","1","0.13"
"150","23559.99","434","1","4.89","3","4","No","No","1.33","4.52","0.5612","Ebrahim","74.92","Soul","1","1.617","New","0","0"
"151","6612.19","118","1","4.33","2","3","No","No","1.29","5.67","0.4577","Alan","73.03","None","2","0.876","Old","0","0.039"
"152","12031.31","265","0.5","4.34","3","4","Yes","No","1.34","4.88","0.5833","Devon","75.36","Pop","1","1.113","New","0","0"
"153","15784.9","347","1","4.41","1","3","No","Yes","1.13","4.97","0.46","Devon","75.11","Pop","1","1.228","New","0","0"
"154","36694.12","549","1","5.13","6","7","No","Yes","1.6","4.82","0.8158","Ebrahim","75.16","Soul","1","0.89","New","0","0"
"155","29641.9","511","1","5.79","2","4","No","Yes","1.22","4.86","0.4847","Beatrice","78.6","None","1","1.407","Old","0","0.015"
"156","14845.05","285","1","4.83","2","4","No","No","1.18","4.74","0.4606","Ebrahim","75.11","Soul","1","1.295","New","0","0"
"157","15362.78","317","0.5","4.26","1","5","No","Yes","1.14","5.48","0.532","Beatrice","72.08","None","1","1.065","Old","0","0.14"
"158","23713.35","546","0.1","4.6","0","1","No","No","0.91","5.19","0.2705","Devon","74.65","Pop","1","1.152","New","0","0"
"159","27361.65","390","1","5.55","2","3","No","No","1.43","5.91","0.536","Carl","74.5","Rock","2","1.625","New","0","0"
"160","14032.06","216","1","5.04","3","5","Yes","No","1.36","5.3","0.5633","Alan","77.55","None","2","1.194","Old","2","0.006"
"161","16105.88","274","0.5","3.96","4","7","No","No","1.47","4.99","0.7866","Ebrahim","74.95","Soul","1","1.08","New","0","0"
"162","7342.4","158","1","4.12","1","4","Yes","No","0.91","4.76","0.4683","Alan","73.72","None","2","1.156","Old","0","0.035"
"163","28204.66","518","1","4.02","2","4","No","No","1.21","4.59","0.4577","Alan","68.21","None","2","1.269","Old","0","0.197"
"164","29554.03","575","1","4.37","3","6","No","No","1.47","4.48","0.7144","Devon","74.84","Pop","1","1.368","New","0","0"
"165","19237.45","363","1","4.72","2","5","No","No","1.29","4.81","0.5121","Beatrice","71.51","None","1","0.952","Old","0","0.119"
"166","45512.96","613","0.5","4.94","7","8","No","No","1.76","5.07","1.0268","Carl","75.15","Rock","2","0.784","New","0","0"
"167","39906.89","554","1","6.01","5","7","No","No","1.42","4.49","0.793","Beatrice","67.05","None","1","1.383","Old","1","0.16"
"168","22015.33","546","1","4.68","1","2","No","No","1.38","4.41","0.2696","Devon","74.96","Pop","1","0.811","New","0","0"
"169","33013.64","621","1","5.07","4","7","No","No","1.3","4.96","0.8043","Devon","75.08","Pop","1","0.912","New","0","0"
"170","20231.13","300","0.5","4.21","5","7","No","Yes","1.54","5.06","0.7445","Carl","74.74","Rock","2","1.245","New","0","0"
"171","44556.76","770","1","4.27","3","5","No","No","1.41","5.67","0.6592","Beatrice","78.56","None","1","0.855","Old","2","0.12"
"172","16955.86","299","0.5","5.48","4","5","No","No","1.5","4.27","0.6035","Alan","68.3","None","2","1.189","Old","0","0.012"
"173","19062.63","341","1","4.06","3","6","No","No","1.47","4.53","0.7315","Carl","75.22","Rock","2","1.091","New","0","0"
"174","34804.4","595","1","4.96","2","4","No","No","1.42","5.53","0.5947","Ebrahim","75.23","Soul","1","1.136","New","0","0"
"175","34644.02","646","0.5","3.92","2","5","No","No","1.4","4.69","0.5421","Devon","74.76","Pop","1","1.245","New","0","0"
"176","36620.53","460","0.5","4.94","6","9","No","Yes","1.63","5.61","0.9539","Ebrahim","75.13","Soul","1","1.038","New","0","0"
"177","18385.85","315","0.5","4.82","1","4","Yes","No","1.37","4.83","0.484","Ebrahim","74.85","Soul","1","0.917","New","0","0"
"178","31318.27","654","0.5","4.16","4","6","No","Yes","1.56","4.32","0.6601","Beatrice","73.16","None","1","1.395","Old","0","0.149"
"179","14427.95","391","1","2.74","1","3","No","No","1.35","4.57","0.3146","Carl","74.82","Rock","2","1.124","New","0","0"
"180","27080.95","440","0.1","4.54","5","6","No","No","1.53","4.63","0.663","Alan","72.98","None","2","1.496","Old","1","0.008"
"181","25686.22","514","1","4.28","2","5","No","No","1.41","5.01","0.5492","Beatrice","76.15","None","1","1.315","Old","1","0.187"
"182","18441.21","340","0.5","3.67","2","4","No","No","1.2","5.55","0.4198","Alan","71.98","None","2","0.975","Old","0","0.031"
"183","36250.05","550","0.5","4.67","5","6","No","No","1.74","4.41","0.7673","Alan","74.77","None","2","1.343","Old","0","0.036"
"184","21265.74","407","0.1","3.55","4","4","No","No","1.56","4.37","0.6188","Devon","74.65","Pop","1","1.694","New","0","0"
"185","20664.63","424","1","3.91","3","6","Yes","No","1.56","4.99","0.5559","Devon","74.97","Pop","1","1.138","New","0","0"
"186","27826.12","595","1","4.1","1","2","No","No","1.31","4.23","0.2522","Ebrahim","75.7","Soul","1","1.237","New","0","0"
"187","39596.05","486","1","5","8","10","No","Yes","1.74","4.58","1.0733","Beatrice","77.24","None","1","1.361","Old","0","0.045"
"188","22386.85","482","1","4.42","0","2","No","No","1.06","5.59","0.3243","Carl","74.81","Rock","2","1.506","New","0","0"
"189","15775.18","233","1","4.66","5","6","No","No","1.53","4.94","0.7522","Devon","75.34","Pop","1","1.299","New","0","0"
"190","25358.64","495","1","4.44","3","4","No","No","1.4","4.51","0.6182","Beatrice","74.03","None","1","1.287","Old","1","0.186"
"191","28283.48","540","0.5","3.33","3","4","No","No","1.34","5.58","0.5617","Carl","75.21","Rock","2","1.196","New","0","0"
"192","34294.47","501","0.1","4.66","4","8","No","Yes","1.39","5.26","0.7113","Ebrahim","75.24","Soul","1","1.082","New","0","0"
"193","36388.34","626","1","4.7","4","7","No","No","1.47","4.9","0.7787","Devon","75.25","Pop","1","1.211","New","0","0"
"194","25404.65","534","1","3.72","3","3","No","No","1.32","5.01","0.5701","Ebrahim","75.38","Soul","1","1.13","New","0","0"
"195","19590.38","360","0.5","3.54","2","4","Yes","No","1.16","4.66","0.5792","Beatrice","73.64","None","1","1.226","Old","1","0.024"
"196","22067.41","572","0.5","2.87","2","3","No","Yes","1.38","5.11","0.4355","Devon","74.94","Pop","1","1.212","New","0","0"
"197","16860.55","324","0.5","5","1","3","No","Yes","1.31","5.03","0.431","Carl","75.16","Rock","2","1.028","New","0","0"
"198","38382.87","679","0.5","3.74","3","6","No","Yes","1.42","5.45","0.583","Alan","72.58","None","2","0.859","Old","0","0.05"
"199","43656.17","574","1","4.76","5","8","Yes","No","1.65","5.73","0.8355","Carl","74.81","Rock","2","1.378","New","0","0"
"200","28927.77","465","0.5","3.57","4","5","No","No","1.48","5.87","0.6167","Alan","71.2","None","2","1.143","Old","1","0.09"
"201","37503.99","663","0.5","5.61","2","2","Yes","No","1.47","4.83","0.3914","Carl","75.14","Rock","2","1.184","New","0","0"
"202","19696.09","403","1","3.97","2","3","No","No","1.41","4.45","0.3655","Ebrahim","75.22","Soul","1","1.134","New","0","0"
"203","11461.09","240","0.1","4.77","1","3","No","No","0.98","4.85","0.4696","Beatrice","78.06","None","1","0.657","Old","0","0.056"
"204","4574.23","73","1","4.72","1","3","Yes","No","1.31","5.01","0.3927","Carl","74.7","Rock","2","1.161","New","0","0"
"205","30082.84","483","1","4.72","3","5","No","No","1.33","5.18","0.6044","Alan","74.39","None","2","1.186","Old","0","0.099"
"206","16170","269","0.5","4.85","3","6","Yes","No","1.34","4.86","0.6337","Carl","74.83","Rock","2","1.299","New","0","0"
"207","42161.61","692","1","4.68","4","7","No","No","1.39","4.56","0.6771","Beatrice","74.56","None","1","1.531","Old","1","0.094"
"208","34536.99","488","1","5.14","6","7","No","Yes","1.77","4.87","0.9464","Ebrahim","75","Soul","1","1.321","New","0","0"
"209","14447.72","260","0.5","4.7","4","7","No","Yes","1.37","4.33","0.7027","Ebrahim","75.07","Soul","1","1.16","New","0","0"
"210","14255.16","277","0.5","4.02","2","4","Yes","No","1.27","4.79","0.5185","Ebrahim","74.37","Soul","1","0.963","New","0","0"
"211","20471.7","396","0.5","4.77","2","4","No","No","1.38","5.25","0.4238","Devon","74.66","Pop","1","1.405","New","0","0"
"212","35313.25","456","1","4.64","6","10","Yes","No","1.65","5.37","0.9169","Alan","75.21","None","2","1.173","Old","0","0.035"
"213","12888.22","205","0.1","4.04","5","9","No","Yes","1.46","4.77","0.9134","Alan","71.7","None","2","1.058","Old","0","0.196"
"214","13725.95","326","0.5","4.16","1","2","Yes","No","1.23","4.85","0.4399","Carl","74.82","Rock","2","1.333","New","0","0"
"215","6153.13","109","0.5","3.22","2","6","No","No","1.15","4.45","0.6907","Ebrahim","74.81","Soul","1","1.165","New","0","0"
"216","24923.08","372","1","6.09","0","1","No","Yes","1.29","4.72","0.3465","Carl","74.8","Rock","2","1.184","New","0","0"
"217","21117.38","403","1","4.92","1","3","No","No","1.35","4.94","0.4452","Alan","83.66","None","2","1.617","Old","1","0.191"
"218","28291.2","466","0.5","4.68","3","3","Yes","No","1.49","4.99","0.5619","Devon","74.75","Pop","1","0.934","New","0","0"
"219","32885.68","555","1","3.82","3","7","No","No","1.34","4.78","0.6924","Beatrice","67.98","None","1","0.739","Old","0","0.181"
"220","25296.33","409","1","4.64","5","8","No","No","1.52","4.7","0.894","Beatrice","71.58","None","1","1.116","Old","1","0.179"
"221","30624.91","528","0.1","3.99","5","8","No","No","1.52","4.9","0.8776","Beatrice","73.13","None","1","1.268","Old","0","0.097"
"222","22886.75","418","1","4.92","2","3","No","No","1.28","5.39","0.4039","Carl","74.87","Rock","2","1.137","New","0","0"
"223","12119.81","248","1","4.93","2","3","Yes","No","1.21","5.1","0.3933","Ebrahim","74.87","Soul","1","1.221","New","0","0"
"224","19956.66","429","1","3.81","2","4","No","No","1.18","5.19","0.5769","Ebrahim","75.62","Soul","1","0.837","New","0","0"
"225","28161.27","652","1","4.52","1","3","No","Yes","1.29","4.67","0.342","Ebrahim","75.18","Soul","1","1.081","New","0","0"
"226","30223.72","363","0.5","5","6","8","No","No","1.79","5.68","0.882","Ebrahim","75.47","Soul","1","0.929","New","0","0"
"227","32056.68","395","0.5","4.23","9","13","No","No","1.97","5.29","1.2572","Alan","71.68","None","2","1.218","Old","0","0.146"
"228","15481.38","298","0.5","3.65","3","6","No","No","1.27","5.12","0.6017","Beatrice","74","None","1","1.483","Old","0","0.074"
"229","23849.83","437","0.5","3.79","4","6","No","No","1.27","4.67","0.7417","Alan","74.55","None","2","1.227","Old","1","0.004"
"230","28151.47","485","0.5","4.2","3","4","No","No","1.42","5.12","0.5466","Carl","74.93","Rock","2","1.233","New","0","0"
"231","22643.35","352","0.1","4.71","3","7","No","No","1.17","5.15","0.7578","Alan","77.27","None","2","1.245","Old","0","0.095"
"232","28925.09","435","1","4.29","5","7","No","No","1.56","5.11","0.7856","Ebrahim","75.82","Soul","1","1.098","New","0","0"
"233","34569.7","596","1","5.48","3","5","No","No","1.45","4.81","0.5187","Devon","74.59","Pop","1","1.106","New","0","0"
"234","35614.64","690","0.5","5.17","3","3","Yes","No","1.22","4.69","0.4449","Alan","75.79","None","2","1.556","Old","1","0.096"
"235","14742.81","258","0.5","4.55","2","5","No","No","1.19","5.46","0.6071","Devon","75.53","Pop","1","1.531","New","0","0"
"236","22194.83","377","1","3.83","3","5","Yes","No","1.43","5.66","0.5047","Carl","74.7","Rock","2","1.125","New","0","0"
"237","25234.21","457","1","4.09","4","6","No","No","1.47","4.35","0.7993","Alan","74.98","None","2","1.177","Old","0","0.018"
"238","22850.32","383","1","5.35","3","4","No","No","1.4","5.11","0.6481","Devon","75.12","Pop","1","1.414","New","0","0"
"239","36900.62","609","0.5","4.74","4","6","No","No","1.61","4.96","0.6781","Alan","75.88","None","2","1.445","Old","0","0.052"
"240","16743.12","262","1","3.54","6","9","Yes","No","1.79","4.22","0.9918","Ebrahim","74.88","Soul","1","1.02","New","0","0"
"241","21944.23","367","1","3.47","4","8","No","No","1.29","4.8","0.8308","Ebrahim","74.58","Soul","1","1.094","New","0","0"
"242","13302.58","292","0.5","3.73","2","5","No","No","1.19","4.57","0.6496","Ebrahim","74.97","Soul","1","1.168","New","0","0"
"243","35017.08","483","1","4.9","7","9","No","No","1.85","4.08","1.0951","Ebrahim","74.94","Soul","1","1.482","New","0","0"
"244","37578.09","478","1","5.18","5","9","No","No","1.46","5.39","0.9057","Ebrahim","75.37","Soul","1","1.627","New","0","0"
"245","40028.46","627","1","5.06","6","7","No","Yes","1.81","5.11","0.7707","Devon","74.61","Pop","1","1.394","New","0","0"
"246","21625.18","384","1","4.26","4","7","No","No","1.53","4.85","0.8114","Carl","75.42","Rock","2","1.351","New","0","0"
"247","37014.66","434","1","5.8","7","9","No","Yes","1.96","5.3","1.0515","Devon","75.24","Pop","1","1.157","New","0","0"
"248","52067.68","684","1","4.64","4","8","No","No","1.76","5.48","0.8163","Beatrice","79.87","None","1","1.179","Old","1","0.102"
"249","25766.83","436","0.1","5.09","3","5","Yes","No","1.18","4.88","0.6767","Alan","78.29","None","2","1.465","Old","0","0.133"
"250","37206.66","549","0.5","4.94","4","7","No","No","1.48","5.5","0.6578","Carl","74.92","Rock","2","0.994","New","0","0"
"251","25318.42","391","1","5.2","3","7","No","No","1.51","5.16","0.7238","Carl","75.02","Rock","2","1.122","New","0","0"
"252","33308.36","601","1","3.83","5","6","No","No","1.57","4.37","0.7907","Beatrice","73.33","None","1","1.224","Old","2","0.053"
"253","24276.96","452","0.5","4.6","3","4","No","Yes","1.55","5.14","0.4565","Alan","72.46","None","2","1.215","Old","1","0.083"
"254","37568.81","532","0.5","4.26","7","9","Yes","No","1.77","4.71","0.9282","Devon","74.54","Pop","1","1.427","New","0","0"
"255","12892.59","271","0.5","4.15","1","4","No","Yes","1.1","5.18","0.5304","Carl","75.38","Rock","2","1.18","New","0","0"
"256","19473.51","374","0.1","3.8","4","7","No","No","1.41","5.47","0.7109","Carl","75.38","Rock","2","1.268","New","0","0"
"257","26327.44","584","0.5","4.41","2","3","No","No","1.34","3.8","0.4713","Beatrice","72.93","None","1","1.499","Old","1","0.181"
"258","38543.94","729","1","3.82","3","6","No","No","1.36","4.31","0.6624","Devon","74.51","Pop","1","0.825","New","0","0"
"259","27028.4","481","1","5.05","3","4","No","No","1.45","4.37","0.5571","Devon","74.97","Pop","1","1.502","New","0","0"
"260","24569.85","648","0.5","4.14","1","3","No","No","1.07","4.5","0.4257","Devon","75.15","Pop","1","1.184","New","0","0"
"261","29888.71","415","1","4.45","2","6","No","No","1.5","5.54","0.5275","Beatrice","75.84","None","1","1.616","Old","1","0.164"
"262","24902.76","413","1","3.66","4","6","No","No","1.58","4.78","0.672","Carl","75.19","Rock","2","0.711","New","0","0"
"263","27319.85","517","1","2.86","4","6","No","Yes","1.48","4.92","0.6597","Ebrahim","74.95","Soul","1","1.373","New","0","0"
"264","22422.95","339","0.1","4.99","3","5","No","No","1.35","5.16","0.6561","Beatrice","74.51","None","1","1.63","Old","0","0.098"
"265","35759.85","590","1","4.75","4","7","No","No","1.49","4.7","0.7835","Alan","72.67","None","2","0.916","Old","0","0.048"
"266","30304.07","717","1","4.14","5","6","No","No","1.5","4.27","0.8384","Ebrahim","75.31","Soul","1","1.209","New","0","0"
"267","17745.11","302","0.5","4.05","2","4","No","No","1.45","5.34","0.5076","Alan","77.68","None","2","1.583","Old","0","0.016"
"268","14632","301","1","2.92","3","5","Yes","No","1.38","4.97","0.6863","Ebrahim","75.2","Soul","1","1.045","New","0","0"
"269","21310.46","433","0.1","4.31","2","4","No","Yes","1.17","4.92","0.5514","Alan","78.41","None","2","1.16","Old","1","0.176"
"270","28317.74","544","0.1","5.25","1","3","No","Yes","1.18","5.11","0.4315","Ebrahim","74.7","Soul","1","1.305","New","0","0"
"271","30635.1","552","0.1","4.85","5","6","Yes","No","1.48","4.76","0.7004","Carl","74.96","Rock","2","1.073","New","0","0"
"272","19652.34","414","1","4.89","1","5","No","No","1.28","4.72","0.5115","Carl","75.52","Rock","2","1.295","New","0","0"
"273","11376.36","170","0.5","4.45","5","7","No","No","1.53","4.66","0.7741","Carl","75.11","Rock","2","1.263","New","0","0"
"274","42082","586","0.1","4.78","6","8","No","No","1.44","4.64","0.8287","Ebrahim","75.27","Soul","1","1.115","New","0","0"
"275","11910.47","282","1","3.02","3","4","No","No","1.24","4.21","0.5056","Ebrahim","75.08","Soul","1","1.155","New","0","0"
"276","31977.78","430","0.5","4.88","7","9","No","No","1.73","4.7","1.0459","Alan","79.2","None","2","0.898","Old","0","0.088"
"277","28745.13","482","1","3.76","3","5","No","Yes","1.32","5.09","0.6828","Alan","74.53","None","2","1.399","Old","0","0.08"
"278","36086.04","625","0.5","5.46","3","5","No","No","1.27","4.79","0.5303","Alan","78.93","None","2","1.475","Old","1","0.063"
"279","26335.18","571","1","5.01","3","3","No","No","1.45","5.15","0.4889","Devon","74.82","Pop","1","1.7","New","0","0"
"280","12859.02","267","1","4.23","1","2","No","Yes","1.33","4.67","0.2746","Carl","75.45","Rock","2","1.149","New","0","0"
"281","27559.57","557","0.1","5.19","1","2","No","No","1.18","4.77","0.3801","Beatrice","81.31","None","1","1.5","Old","0","0.071"
"282","13990.89","345","1","3.29","1","2","No","No","1","5.31","0.3873","Devon","75.31","Pop","1","0.947","New","0","0"
"283","30110.67","568","1","4.6","2","6","Yes","No","1.27","4.95","0.565","Carl","75.04","Rock","2","1.087","New","0","0"
"284","39343.79","581","0.5","5.76","3","5","No","No","1.44","4.89","0.6324","Carl","75.57","Rock","2","1.159","New","0","0"
"285","32983.8","518","0.1","4.85","4","6","No","No","1.48","4.91","0.6005","Beatrice","73.28","None","1","1.025","Old","1","0.146"
"286","18785.3","312","1","3.54","6","9","No","No","1.69","4.47","0.8694","Ebrahim","74.46","Soul","1","1.014","New","0","0"
"287","17693.51","333","0.5","4.29","2","4","No","No","1.33","5.23","0.5898","Beatrice","75.76","None","1","1.3","Old","2","0.127"
"288","32118.8","533","0.5","4.71","4","6","No","Yes","1.49","5.33","0.6991","Ebrahim","74.81","Soul","1","1.356","New","0","0"
"289","36049.85","602","0.5","4.87","2","5","No","Yes","1.38","5.29","0.4802","Ebrahim","74.72","Soul","1","1.366","New","0","0"
"290","31168.62","485","0.5","5.36","1","2","No","Yes","1.15","5.93","0.3713","Carl","75.31","Rock","2","1.491","New","0","0"
"291","14734.6","251","0.5","3.63","6","8","No","No","1.73","5.16","0.9994","Devon","75.16","Pop","1","1.001","New","0","0"
"292","31762.55","697","0.5","3.19","2","4","No","Yes","1.28","4.52","0.4236","Beatrice","74.21","None","1","1.376","Old","0","0.137"
"293","24072.46","468","0.1","4.4","2","2","No","No","1.11","4.91","0.4975","Ebrahim","75.2","Soul","1","1.338","New","0","0"
"294","28625.58","540","0.5","4.03","2","4","No","No","1.27","5.1","0.4868","Ebrahim","75.38","Soul","1","1.108","New","0","0"
"295","21863.59","378","1","4.94","2","2","No","Yes","1.2","5.79","0.3813","Ebrahim","75.38","Soul","1","1.2","New","0","0"
"296","19257.58","423","0.5","4.31","3","3","No","No","1.28","4.37","0.4967","Ebrahim","74.96","Soul","1","1.241","New","0","0"
"297","26598.68","430","1","5.68","2","3","No","No","1.48","6.36","0.4718","Carl","74.94","Rock","2","1.052","New","0","0"
"298","31430.41","489","0.5","4.79","6","8","No","No","1.64","4.61","0.8534","Beatrice","70.39","None","1","1.055","Old","1","0.012"
"299","20806.26","455","0.5","4.56","1","1","No","No","1.09","5.42","0.2535","Ebrahim","75.21","Soul","1","1.447","New","0","0"
"300","16592.91","309","0.5","4.66","1","4","No","No","1.11","5.76","0.3689","Ebrahim","74.91","Soul","1","1.13","New","0","0"
"301","36234.61","447","0.5","5.25","8","10","Yes","No","1.82","5.16","1.1364","Devon","74.86","Pop","1","1.142","New","0","0"
"302","22753.09","403","0.5","4.22","3","4","No","No","1.24","4.92","0.5734","Alan","69.1","None","2","1.009","Old","1","0.076"
"303","33179.02","532","0.1","4.18","4","4","No","No","1.53","5.11","0.5875","Beatrice","70.88","None","1","1.306","Old","0","0.114"
"304","10948.34","160","1","5.06","5","6","No","Yes","1.59","4.81","0.6584","Carl","75.08","Rock","2","1.419","New","0","0"
"305","22782.41","432","0.5","3.65","2","5","No","No","1.18","5.56","0.5572","Beatrice","74.95","None","1","1.374","Old","2","0.153"
"306","15193.71","233","1","4.13","4","4","No","No","1.66","5.32","0.5996","Beatrice","69.57","None","1","1.424","Old","1","0.15"
"307","10256.73","223","1","4.02","3","5","No","No","1.29","4.99","0.6572","Devon","74.81","Pop","1","1.079","New","0","0"
"308","24269.52","408","1","3.55","3","5","Yes","No","1.39","5.05","0.6383","Beatrice","77.94","None","1","1.156","Old","0","0.053"
"309","30304.99","536","1","5.88","3","4","No","No","1.35","4.31","0.6299","Beatrice","79.08","None","1","1.307","Old","0","0.108"
"310","33741.44","620","0.5","3.77","5","7","No","No","1.53","4.9","0.8879","Alan","73.92","None","2","1.103","Old","0","0.161"
"311","3706.08","674","1","4.74","1","2","No","No","1.31","5.3","0.3682","Alan","76.5","None","2","1.048","Old","1","0.109"
"312","29580.71","684","0.1","3.83","1","1","No","No","1.11","4.59","0.214","Devon","75.57","Pop","1","1.377","New","0","0"
"313","33245.46","465","1","4.21","7","9","No","No","1.86","4.95","1.0097","Alan","71.81","None","2","1.116","Old","1","0.076"
"314","28861.07","535","0.1","4.96","2","3","No","Yes","1.23","5.39","0.4276","Devon","74.85","Pop","1","1.063","New","0","0"
"315","24519.41","552","1","3.72","1","3","No","Yes","1.19","4.37","0.492","Carl","74.52","Rock","2","1.355","New","0","0"
"316","36192.99","557","1","4.49","6","8","No","No","1.5","5.49","0.9019","Carl","75.2","Rock","2","0.941","New","0","0"
"317","11930.32","229","0.5","4.93","0","2","No","No","1.09","4.63","0.2829","Devon","74.89","Pop","1","1.193","New","0","0"
"318","31647.79","482","1","5.36","4","6","No","Yes","1.48","5.25","0.7191","Ebrahim","74.75","Soul","1","1.398","New","0","0"
"319","24906.67","379","1","4.9","3","7","No","No","1.53","4.98","0.7312","Alan","74.84","None","2","1.395","Old","1","0.131"
"320","34553.66","536","0.5","6.04","3","6","No","No","1.27","4.76","0.6739","Alan","73.93","None","2","1.161","Old","0","0.163"
"321","13466.1","245","0.5","4.31","3","5","No","No","1.28","5.36","0.6225","Beatrice","73.33","None","1","1.177","Old","0","0.025"
"322","31153.85","617","0.5","4.06","2","4","No","Yes","1.23","4.96","0.4496","Beatrice","68.57","None","1","1.434","Old","0","0.025"
"323","33140.38","624","1","3.58","3","5","Yes","No","1.39","4.75","0.6897","Carl","74.63","Rock","2","1.232","New","0","0"
"324","43001.29","776","0.5","3.91","4","7","No","No","1.37","5.04","0.722","Alan","72.81","None","2","0.942","Old","1","0.016"
"325","11413.62","304","1","4.77","0","2","No","No","1.13","4.29","0.3907","Ebrahim","74.74","Soul","1","1.02","New","0","0"
"326","50937.93","718","0.5","6.24","3","5","No","Yes","1.48","5.28","0.5953","Carl","75.05","Rock","2","1.232","New","0","0"
"327","25833.42","407","0.1","4.84","6","7","No","No","1.6","4.32","0.7748","Ebrahim","74.74","Soul","1","1.317","New","0","0"
"328","25661.11","353","1","3.8","8","9","No","No","1.9","4.72","1.0564","Carl","74.85","Rock","2","1.364","New","0","0"
"329","23946.93","431","1","5.26","1","3","No","No","1.13","5.4","0.4985","Beatrice","73.88","None","1","1.297","Old","2","0.195"
"330","13048.52","289","1","4.09","1","2","No","No","1.08","5.25","0.4156","Carl","75.3","Rock","2","1.416","New","0","0"
"331","31962.15","772","0.1","4.01","1","4","No","No","1.11","4.35","0.3989","Carl","75.25","Rock","2","1.169","New","0","0"
"332","31353.26","787","1","3.74","1","2","Yes","No","1.25","4.67","0.2551","Ebrahim","75.02","Soul","1","0.676","New","0","0"
"333","20741.14","428","0.1","3.57","2","5","No","No","1.27","5.47","0.6238","Beatrice","72.03","None","1","1.217","Old","0","0.006"
"334","14570.84","274","1","3.51","4","6","No","Yes","1.55","5.06","0.6984","Ebrahim","75.09","Soul","1","1.186","New","0","0"
"335","22148.11","428","0.5","5.05","2","2","No","Yes","1.14","4.78","0.4279","Devon","75.07","Pop","1","1.385","New","0","0"
"336","28380.28","557","1","3.74","2","5","No","No","1.26","5.07","0.6069","Alan","77.6","None","2","0.995","Old","1","0.007"
"337","17084.71","403","1","3.4","1","4","No","No","1.02","5.25","0.546","Beatrice","75.94","None","1","1.3","Old","0","0.109"
"338","19830.45","378","0.5","4.92","3","5","No","No","1.28","3.82","0.6678","Beatrice","74.87","None","1","1.42","Old","0","0.17"
"339","24281.07","391","1","4.78","3","5","No","No","1.29","5.11","0.5578","Alan","78.5","None","2","1.508","Old","0","0.01"
"340","19400.08","310","1","4.5","3","5","No","No","1.39","4.78","0.6635","Beatrice","71.22","None","1","0.988","Old","0","0.012"
"341","27265.34","501","1","4.22","3","3","Yes","No","1.55","4.64","0.5245","Carl","74.71","Rock","2","0.968","New","0","0"
"342","37616.05","721","0.5","2.85","2","5","No","No","1.3","4.87","0.5701","Carl","74.52","Rock","2","0.899","New","0","0"
"343","23502.42","385","0.5","4.06","5","6","No","No","1.53","5.24","0.8433","Carl","74.79","Rock","2","1.007","New","0","0"
"344","25045.1","335","0.5","5.39","6","8","No","No","1.57","4.93","0.9992","Alan","74.35","None","2","1.4","Old","1","0.057"
"345","17390.09","271","0.1","4.9","5","7","No","No","1.41","5.21","0.7901","Carl","75.01","Rock","2","1.416","New","0","0"
"346","34101.65","479","0.5","5.33","4","5","No","Yes","1.44","5.63","0.5551","Carl","75.24","Rock","2","1.105","New","0","0"
"347","37555.57","541","0.5","2.97","7","11","No","No","1.76","4.61","1.0674","Ebrahim","75.32","Soul","1","1.289","New","0","0"
"348","15741.78","265","0.5","5.2","1","5","No","No","1.07","5.5","0.5047","Alan","78.59","None","2","0.988","Old","0","0.092"
"349","30644.49","519","0.5","4.3","2","3","No","No","1.36","5.02","0.3764","Carl","75.52","Rock","2","1.31","New","0","0"
"350","9456.41","147","1","5.08","4","7","Yes","No","1.52","5.32","0.7168","Ebrahim","75.03","Soul","1","1.57","New","0","0"
"351","30447.2","539","1","4.27","4","6","No","No","1.25","4.88","0.7691","Carl","75.01","Rock","2","1.639","New","0","0"
"352","14110.05","257","0.1","4.3","3","4","No","No","1.44","4.67","0.4529","Alan","75.14","None","2","1.276","Old","1","0.067"
"353","16251.87","337","1","3.36","1","3","Yes","No","1.21","5.05","0.4731","Alan","79.17","None","2","1.067","Old","2","0.103"
"354","27775.92","481","0.1","4.17","4","7","No","Yes","1.39","5.04","0.8161","Carl","75.19","Rock","2","0.956","New","0","0"
"355","14912.34","302","0.5","4.59","3","4","No","No","1.17","5","0.4804","Carl","74.81","Rock","2","1.093","New","0","0"
"356","33348.28","487","1","5.55","3","6","No","No","1.32","5.47","0.6367","Carl","75.04","Rock","2","1.442","New","0","0"
"357","23266.7","512","0.5","5.09","2","4","No","No","1.12","4.48","0.4585","Ebrahim","75.34","Soul","1","1.53","New","0","0"
"358","15666.82","327","1","4.08","1","1","Yes","No","1.34","5.61","0.2572","Devon","75.2","Pop","1","1.268","New","0","0"
"359","40672.59","587","0.5","5.31","5","7","No","No","1.5","5.04","0.867","Ebrahim","74.89","Soul","1","1.09","New","0","0"
"360","19228.88","361","1","4.75","2","4","No","No","1.25","5.42","0.4416","Ebrahim","74.98","Soul","1","1.328","New","0","0"
"361","12264.12","218","0.5","4.36","3","5","No","No","1.32","4.65","0.5586","Devon","75.18","Pop","1","1.261","New","0","0"
"362","35962.48","625","1","4.92","2","3","No","No","1.25","5.24","0.5453","Alan","72.68","None","2","1.366","Old","2","0.121"
"363","16650.12","291","1","3.81","2","4","No","No","1.26","4.74","0.4949","Alan","72.68","None","2","1.388","Old","0","0.116"
"364","35858.63","591","0.5","4.18","2","5","No","Yes","1.23","4.49","0.4985","Beatrice","74.69","None","1","1.113","Old","1","0.132"
"365","18542.99","359","0.5","4.67","3","6","No","No","1.56","4.28","0.7071","Devon","75.57","Pop","1","1.338","New","0","0"
"366","35689.02","524","1","5.41","4","6","No","Yes","1.28","5.74","0.6982","Carl","74.55","Rock","2","1.204","New","0","0"
"367","42641.89","634","0.1","4.89","5","6","No","Yes","1.54","4.79","0.7869","Alan","73.62","None","2","0.839","Old","0","0.091"
"368","43021.87","654","0.5","4.24","5","8","No","No","1.5","4.92","0.9226","Ebrahim","75.13","Soul","1","1.238","New","0","0"
"369","19201.88","384","0.1","3.58","1","2","No","No","1.35","5.12","0.4189","Alan","71.33","None","2","1.02","Old","2","0.134"
"370","39047.59","563","0.5","5.43","5","5","No","No","1.5","5.69","0.7798","Alan","76.33","None","2","1.15","Old","0","0.074"
"371","23479","489","1","3.78","3","6","No","Yes","1.25","4.88","0.6424","Devon","74.71","Pop","1","1.279","New","0","0"
"372","16965.63","423","0.5","4.53","2","4","No","No","1.11","4.85","0.4914","Devon","74.63","Pop","1","1.048","New","0","0"
"373","31802.66","566","0.5","4.43","3","4","No","No","1.22","5.14","0.6331","Beatrice","77.61","None","1","1.541","Old","0","0.11"
"374","30069.92","449","1","4.51","5","7","No","No","1.6","4.47","0.7843","Carl","75.03","Rock","2","1.37","New","0","0"
"375","15873.11","252","0.5","5.43","3","6","No","Yes","1.33","4.86","0.6518","Beatrice","76.4","None","1","1.241","Old","1","0.086"
"376","17252.89","333","0.1","3.99","2","5","No","No","1.08","4.88","0.4654","Beatrice","74.63","None","1","1.008","Old","2","0.119"
"377","23801.37","447","0.5","3.93","3","5","No","No","1.43","4.5","0.638","Carl","75.2","Rock","2","1.546","New","0","0"
"378","40275.09","561","1","4.29","7","8","No","Yes","1.77","5.27","0.8735","Alan","77.21","None","2","0.909","Old","1","0.091"
"379","25050.97","384","0.5","4.01","4","6","No","No","1.36","5.33","0.7369","Carl","74.86","Rock","2","1.36","New","0","0"
"380","46383.26","761","1","4.73","4","4","No","No","1.36","5.1","0.6694","Ebrahim","74.96","Soul","1","1.137","New","0","0"
"381","13769.39","403","0.5","3.47","1","2","No","No","1.15","4.86","0.2784","Beatrice","70.54","None","1","1.312","Old","1","0.08"
"382","57436.16","830","0.1","4.74","6","9","No","Yes","1.72","5.57","1.032","Devon","74.53","Pop","1","1.594","New","0","0"
"383","33013.99","649","0.5","4.38","2","4","No","No","1.27","5.1","0.4903","Ebrahim","75.73","Soul","1","1.344","New","0","0"
"384","22353.32","454","1","4.85","2","5","No","No","1.32","5.03","0.6342","Alan","68.26","None","2","1.355","Old","0","0.186"
"385","27825.15","585","0.5","5.41","0","1","No","Yes","1.03","4.68","0.2041","Beatrice","81.31","None","1","1.21","Old","1","0.049"
"386","26940.95","413","1","5.05","5","7","No","Yes","1.51","5.47","0.8395","Carl","75.47","Rock","2","1.211","New","0","0"
"387","23409.87","377","1","4.32","2","4","Yes","No","1.23","5.33","0.4092","Ebrahim","75.42","Soul","1","1.324","New","0","0"
"388","15571.33","407","0.5","3.75","1","3","No","No","1.09","4.89","0.3366","Devon","74.82","Pop","1","1.376","New","0","0"
"389","18969.47","515","1","3.55","1","2","No","No","1.31","4.41","0.4297","Devon","75.22","Pop","1","0.945","New","0","0"
"390","23362.46","420","1","4.76","2","4","No","No","1.36","4.72","0.5641","Alan","70.29","None","2","0.968","Old","0","0.076"
"391","17185.78","355","0.5","4.21","3","5","No","No","1.41","4.61","0.5855","Carl","74.84","Rock","2","1.071","New","0","0"
"392","41371.15","789","0.5","3.88","4","5","No","No","1.44","5.04","0.7491","Beatrice","74.91","None","1","1.128","Old","0","0.163"
"393","28977.65","515","0.1","4.66","4","5","No","No","1.52","5.7","0.6486","Alan","74","None","2","1.078","Old","1","0.078"
"394","24661.51","415","1","4.07","5","6","No","No","1.54","4.51","0.7121","Ebrahim","75.11","Soul","1","1.166","New","0","0"
"395","42777.14","752","1","4.32","4","6","No","No","1.54","4.96","0.6875","Carl","74.84","Rock","2","1.124","New","0","0"
"396","33124.07","649","0.1","4.73","1","3","No","No","1.25","5.11","0.3514","Carl","74.67","Rock","2","1.294","New","0","0"
"397","29877.75","482","1","4.26","3","5","Yes","No","1.32","4.89","0.565","Ebrahim","74.94","Soul","1","1.339","New","0","0"
"398","28319.46","614","1","4.08","0","2","No","Yes","1.27","4.96","0.3949","Beatrice","79.29","None","1","1.024","Old","1","0.135"
"399","40458.09","681","1","5.68","0","3","No","No","1.13","4.68","0.3265","Beatrice","82.64","None","1","1.084","Old","1","0.048"
"400","4055.09","62","1","3.78","3","5","No","No","1.45","5.17","0.6224","Ebrahim","74.82","Soul","1","1.426","New","0","0"
"401","25478.99","502","0.5","5.39","1","4","No","No","1.09","4.44","0.5454","Ebrahim","75.04","Soul","1","1.264","New","0","0"
"402","25080.03","492","1","4.84","2","4","Yes","No","1.37","4.36","0.4222","Alan","79.25","None","2","1.141","Old","1","0.057"
"403","19192.38","330","0.5","4.1","4","6","No","No","1.39","4.8","0.7998","Carl","74.96","Rock","2","0.971","New","0","0"
"404","46748.22","761","0.5","4.33","3","4","No","Yes","1.13","5.82","0.4603","Beatrice","77.92","None","1","1.082","Old","0","0.105"
"405","32205.73","420","0.5","4.72","8","9","No","Yes","1.69","5.14","1.0025","Beatrice","74.45","None","1","0.929","Old","0","0.166"
"406","26554.15","451","0.1","4.5","2","4","No","No","1.25","5.15","0.5148","Beatrice","80.97","None","1","0.911","Old","1","0.054"
"407","26793.25","490","0.5","4.63","2","5","No","No","1.23","4.75","0.5515","Alan","82.6","None","2","1.227","Old","0","0.115"
"408","9425.31","147","1","4.36","4","8","No","No","1.34","4.61","0.7423","Carl","75.12","Rock","2","1.373","New","0","0"
"409","16555.87","339","1","4.02","1","3","No","No","1.43","5.04","0.3932","Beatrice","75.2","None","1","1.242","Old","0","0.164"
"410","31213.81","605","0.5","4.07","3","4","No","No","1.24","5.43","0.5768","Devon","74.93","Pop","1","1.206","New","0","0"
"411","20838.79","414","0.1","5.2","2","4","No","No","1.3","4.46","0.5116","Beatrice","71.83","None","1","1.288","Old","0","0.111"
"412","41460.9","701","0.5","4.77","4","6","No","No","1.48","5.25","0.6081","Devon","74.74","Pop","1","1.346","New","0","0"
"413","22881.92","441","0.5","4.09","4","5","No","No","1.34","4.83","0.7073","Devon","74.78","Pop","1","1.015","New","0","0"
"414","20510.36","354","1","3.64","4","7","No","No","1.43","4.74","0.8355","Alan","77.02","None","2","1.346","Old","1","0.105"
"415","33528.49","559","1","4.72","3","5","Yes","No","1.51","4.73","0.6363","Carl","74.58","Rock","2","1.325","New","0","0"
"416","19488.4","421","0.1","4.4","1","3","No","No","1.02","4.82","0.4567","Carl","75.42","Rock","2","1.164","New","0","0"
"417","14005.52","213","1","4.54","3","5","No","No","1.29","5.3","0.6362","Carl","74.48","Rock","2","1.234","New","0","0"
"418","30688.13","513","1","5.44","4","5","No","Yes","1.61","4.84","0.5761","Alan","73.15","None","2","1.437","Old","1","0.129"
"419","32224.61","563","0.5","3.06","4","7","No","Yes","1.29","5.73","0.7373","Devon","75.15","Pop","1","1.474","New","0","0"
"420","33506.65","643","0.1","5.38","1","3","No","No","1.05","5.62","0.386","Beatrice","80.53","None","1","1.297","Old","1","0.181"
"421","12545.29","174","0.5","4.22","5","6","Yes","No","1.51","5.81","0.688","Beatrice","74.26","None","1","1.28","Old","1","0.134"
"422","32469.44","504","1","3.94","4","5","No","No","1.71","4.84","0.6192","Carl","74.92","Rock","2","1.018","New","0","0"
"423","13585.92","225","1","5.15","4","8","No","Yes","1.5","5.19","0.7848","Devon","75.11","Pop","1","1.228","New","0","0"
"424","16964.35","494","0.5","3.23","1","3","No","No","1.11","4.73","0.349","Devon","74.58","Pop","1","0.984","New","0","0"
"425","43519.13","607","1","4.06","8","9","No","No","1.87","4.89","1.007","Ebrahim","75.07","Soul","1","1.241","New","0","0"
"426","25541.1","421","0.1","4.29","3","5","Yes","No","1.42","5.16","0.5427","Alan","78","None","2","1.392","Old","0","0.177"
"427","25955.71","579","0.5","3.93","1","2","No","No","1.01","5.08","0.3316","Ebrahim","75.21","Soul","1","1.524","New","0","0"
"428","18406.52","291","0.5","4.91","4","5","No","No","1.56","4.79","0.7409","Ebrahim","74.7","Soul","1","1.527","New","0","0"
"429","27077.74","453","0.5","5.48","2","4","No","No","1.08","5.39","0.5251","Beatrice","73.03","None","1","1.12","Old","2","0.198"
"430","48954.11","841","1","4.28","2","3","No","No","1.38","5.37","0.479","Alan","74.91","None","2","1.037","Old","0","0.082"
"431","20397.92","551","1","3.59","1","2","No","No","1.1","5.42","0.4057","Devon","75.38","Pop","1","1.156","New","0","0"
"432","21206.66","440","1","5.19","1","2","No","No","1.28","5.2","0.3904","Devon","74.99","Pop","1","1.134","New","0","0"
"433","15183.12","392","0.5","5.12","1","3","No","No","1.08","4.08","0.3563","Devon","75.17","Pop","1","1.578","New","0","0"
"434","34084.55","529","0.5","5.86","3","6","No","No","1.4","4.81","0.6668","Beatrice","75.29","None","1","1.134","Old","1","0.01"
"435","23328.8","508","0.5","4.58","1","5","No","No","1.09","4.21","0.4039","Ebrahim","75.32","Soul","1","1.342","New","0","0"
"436","16012.73","289","1","5.48","1","2","No","Yes","1.18","4.72","0.3345","Beatrice","78.29","None","1","0.873","Old","1","0.019"
"437","13946.23","343","1","4.22","0","2","No","Yes","1.1","4.54","0.2049","Devon","75.03","Pop","1","1.392","New","0","0"
"438","12560.1","236","0.5","3.98","4","5","No","No","1.56","4.51","0.6126","Ebrahim","74.57","Soul","1","0.862","New","0","0"
"439","21969.51","352","1","5.36","3","4","No","No","1.34","4.19","0.64","Alan","71.09","None","2","1.15","Old","1","0.031"
"440","18545.86","365","0.1","4.78","3","3","Yes","No","1.3","5.03","0.4468","Carl","74.88","Rock","2","1.383","New","0","0"
"441","21604.03","418","1","3.12","3","5","No","No","1.57","5.28","0.5401","Carl","74.99","Rock","2","1.245","New","0","0"
"442","19031.83","329","0.5","4.94","2","5","No","No","1.28","5.04","0.5516","Devon","75.05","Pop","1","0.858","New","0","0"
"443","24474.41","393","1","3.82","5","8","No","No","1.69","5.38","0.7913","Devon","75.06","Pop","1","1.367","New","0","0"
"444","20929.46","347","1","4.2","5","6","No","Yes","1.81","4.51","0.7292","Alan","74.2","None","2","1.212","Old","0","0.083"
"445","25930.78","457","1","4.31","3","6","No","No","1.44","5.25","0.6264","Carl","74.94","Rock","2","1.419","New","0","0"
"446","23906.66","412","1","5.15","2","4","No","No","1.29","5.1","0.4713","Ebrahim","75.13","Soul","1","1.181","New","0","0"
"447","18157.56","335","0.5","5.29","2","2","No","No","1.21","4.61","0.4511","Carl","74.7","Rock","2","1.436","New","0","0"
"448","19261.48","352","0.5","3.94","2","5","Yes","No","1.32","5","0.5536","Devon","75.07","Pop","1","1.034","New","0","0"
"449","19676.81","395","0.5","4.02","3","4","No","Yes","1.39","5.16","0.5583","Carl","74.66","Rock","2","1.259","New","0","0"
"450","37614.42","714","0.5","5.25","3","5","No","No","1.31","5.09","0.5727","Devon","75.5","Pop","1","1.536","New","0","0"
"451","18111.17","339","1","4.66","4","5","No","No","1.58","5.13","0.6643","Devon","74.82","Pop","1","1.228","New","0","0"
"452","18244.91","343","1","4.67","1","2","No","No","1.23","5.53","0.4468","Carl","75.24","Rock","2","1.416","New","0","0"
"453","7641.88","108","0.1","4.76","4","6","Yes","No","1.47","5.93","0.7676","Ebrahim","75.17","Soul","1","1.405","New","0","0"
"454","30160.41","503","0.5","4.38","4","7","No","No","1.56","5.37","0.7242","Carl","75.28","Rock","2","0.773","New","0","0"
"455","15721.09","251","1","3.89","4","6","Yes","No","1.44","6.07","0.7975","Carl","74.64","Rock","2","1.559","New","0","0"
"456","36455.79","566","1","4.97","5","5","No","Yes","1.61","5.13","0.6884","Alan","67.63","None","2","0.971","Old","0","0.058"
"457","14595.1","313","0.5","3.56","1","3","No","No","1.39","4.84","0.3273","Beatrice","82.07","None","1","1.691","Old","0","0.101"
"458","40663.75","711","0.1","4.25","3","5","Yes","No","1.34","4.91","0.678","Alan","74.8","None","2","1.125","Old","0","0.138"
"459","22019.54","369","0.5","5.78","4","6","Yes","No","1.53","4.6","0.6083","Devon","75.1","Pop","1","1.382","New","0","0"
"460","26867.91","597","0.5","4.23","2","3","No","Yes","1.23","5.01","0.4443","Alan","74.16","None","2","1.088","Old","0","0.107"
"461","20039.14","312","0.1","4.91","5","5","No","Yes","1.65","3.9","0.7149","Alan","80.58","None","2","1.756","Old","0","0.194"
"462","33939.62","454","0.1","5.39","5","8","No","No","1.55","4.9","0.8634","Beatrice","70.76","None","1","1.334","Old","0","0.168"
"463","19584.74","336","1","4.38","2","4","No","No","1.42","4.56","0.4732","Ebrahim","74.89","Soul","1","1.448","New","0","0"
"464","16313.78","325","0.5","5.13","0","3","No","No","1.07","5.29","0.3791","Devon","74.49","Pop","1","1.147","New","0","0"
"465","56258.63","736","0.1","5.06","7","10","No","No","1.62","5.04","1.0428","Carl","75.06","Rock","2","1.071","New","0","0"
"466","10934.95","223","0.5","3.74","2","2","No","No","1.23","4.74","0.3472","Carl","74.95","Rock","2","1.598","New","0","0"
"467","23971.76","389","0.5","4.95","3","6","No","Yes","1.5","4.98","0.6119","Ebrahim","75.15","Soul","1","1.412","New","0","0"
"468","20510.04","412","0.5","4.31","2","5","Yes","No","1.26","4.63","0.5401","Ebrahim","75.03","Soul","1","1.208","New","0","0"
"469","34397.46","754","0.1","4.04","0","2","No","No","0.96","5.46","0.3492","Alan","78.25","None","2","1.412","Old","0","0.109"
"470","17170.19","280","1","5.81","3","5","No","No","1.27","5.23","0.5188","Devon","74.83","Pop","1","1.824","New","0","0"
"471","23558.07","451","0.5","4.48","2","5","No","Yes","1.13","5.29","0.5103","Alan","74.56","None","2","1.017","Old","0","0.169"
"472","34723.8","536","0.1","3.94","4","7","No","No","1.32","5.04","0.7702","Carl","74.73","Rock","2","1.018","New","0","0"
"473","34038.58","654","0.5","3.03","5","9","No","No","1.49","4.55","0.9755","Devon","74.84","Pop","1","1.01","New","0","0"
"474","18485.33","268","0.5","4.38","6","10","No","No","1.56","4.78","0.9479","Alan","72.76","None","2","1.233","Old","2","0.137"
"475","32705.33","626","1","4.01","2","4","No","No","1.33","4.69","0.4428","Devon","74.71","Pop","1","1.318","New","0","0"
"476","15941.34","352","0.5","4.44","1","3","No","Yes","0.86","5.87","0.3778","Devon","74.96","Pop","1","1.318","New","0","0"
"477","35821.41","681","1","4.54","2","4","No","No","1.32","5.4","0.4514","Carl","75.08","Rock","2","0.876","New","0","0"
"478","24465.27","380","0.1","3.26","6","9","No","No","1.74","4.88","0.972","Ebrahim","75.34","Soul","1","1.273","New","0","0"
"479","26161.59","499","1","4.98","4","6","Yes","No","1.38","4.59","0.662","Alan","76.76","None","2","0.96","Old","0","0.118"
"480","8239.56","161","0.5","4.46","3","5","No","No","1.26","4.19","0.5742","Devon","75.05","Pop","1","1.174","New","0","0"
"481","33004.41","536","0.1","4.26","3","5","No","Yes","1.33","4.75","0.5401","Carl","74.87","Rock","2","1.063","New","0","0"
"482","24064.38","363","1","4.97","4","8","No","No","1.39","4.88","0.7943","Ebrahim","74.71","Soul","1","1.599","New","0","0"
"483","33792.93","593","1","4.03","3","6","Yes","No","1.46","5.56","0.6684","Ebrahim","75.01","Soul","1","1.275","New","0","0"
"484","34751.13","548","0.1","5.13","3","4","Yes","No","1.33","5.57","0.6003","Ebrahim","74.75","Soul","1","1.235","New","0","0"
"485","39421.72","655","1","5.1","3","5","No","No","1.48","5.18","0.5909","Beatrice","79.02","None","1","1.348","Old","1","0.117"
"486","13527.64","306","0.1","4.17","2","5","No","No","1.24","5.2","0.4794","Ebrahim","74.58","Soul","1","1.354","New","0","0"
"487","16114.9","255","1","6.48","0","3","No","No","0.94","4.84","0.3351","Ebrahim","75.36","Soul","1","1.367","New","0","0"
"488","23143.77","401","0.5","5.33","2","3","No","Yes","1.22","4.83","0.457","Carl","75.18","Rock","2","1.465","New","0","0"
"489","24462.99","301","0.5","4.51","9","11","No","No","1.94","5.02","1.1502","Ebrahim","75","Soul","1","0.764","New","0","0"
"490","30344.34","468","1","4.95","3","5","Yes","No","1.29","5.86","0.5822","Ebrahim","75.21","Soul","1","1.263","New","0","0"
"491","17815.58","464","0.5","4.59","0","2","No","Yes","1.1","4.59","0.355","Devon","75.2","Pop","1","1.286","New","0","0"
"492","49846.06","734","1","5.69","4","6","No","No","1.48","5.04","0.7489","Ebrahim","75.14","Soul","1","1.211","New","0","0"
"493","11996.46","223","0.5","4.15","2","4","No","No","1.26","4.46","0.4783","Carl","74.94","Rock","2","1.085","New","0","0"
"494","18331","345","1","4.64","1","3","No","No","1.24","5.25","0.4164","Devon","75.36","Pop","1","1.13","New","0","0"
"495","14913.34","291","1","4.29","3","3","No","No","1.35","5.12","0.5401","Ebrahim","74.92","Soul","1","1.313","New","0","0"
"496","28571.34","542","1","3.82","5","8","No","No","1.71","5.1","0.8898","Devon","74.76","Pop","1","0.786","New","0","0"
"497","24908.2","437","0.1","4.37","4","5","No","No","1.41","4.66","0.6759","Ebrahim","74.47","Soul","1","0.952","New","0","0"
"498","15152.7","328","0.1","4.39","3","5","No","Yes","1.18","4.95","0.6679","Devon","74.79","Pop","1","1.146","New","0","0"
"499","20372.87","291","0.5","5.21","5","8","No","No","1.34","5.47","0.77","Carl","74.58","Rock","2","1.219","New","0","0"
"500","19213.72","421","0.5","3.98","1","2","No","No","1","5.1","0.2569","Beatrice","73.73","None","1","1.105","Old","0","0.028"
